,store,address
0,둔산제일학원점,"대전 서구 둔산서로 29, 1층 일부 "
1,대전시청점,"대전광역시 서구 둔산중로 50, 101호(둔산동, 파이낸스빌딩) "
2,대전을지한화점,"대전 서구 둔산로51번길 84, 21세기빌딩 1층 103호 "
3,대전오류동점,"대전 중구 계룡로816번길 11, 1층  "
4,대전도룡점,"대전광역시 유성구 엑스포로 151번길 19, 지상1층 E102호(도룡동, 도룡하우스디) "
5,대전대흥점,"대전 중구 중교로 29, 1층 "
6,세종시청점,"세종특별자치시 한누리대로 2144, 1층 110호(보람동, 스마트허브II) "
7,세종대명벨리온점,"세종특별자치시 집현중앙7로 6, 1동 1층 A130호(집현동, 지식산업센터) "
8,세종중앙타운점	,"세종특별자치시 절재로 194, 1층 103호(어진동, 중앙타운) "
9,천안아산역점,"충청남도 아산시 배방읍 고속철대로 147, 107호(우성메디피아) "
10,천안상명대점,"충정남도 천안시 동남구 상명대길 28, 1층 101호(안서동) "
11,천안미래에이스점,"충청남도 천안시 서북구 백석공단1로 10, 지원140호(백석동 천안 미래에이스하이테크시티) "
12,온양온천점,"충청남도 아산시 충무로 7-1, 1층 104호(온천동) "
13,천안삼성점,"충청남도 천안시 서북구 3공단5로 58, 1층 104호(성성동) "
14,전주아중점,"전라북도 전주시 덕진구 무삼지로 55, 1층 101호(인후동1가) "
15,전주서신점,"전라북도 전주시 완산구 당산로 39, 상가108동 1층 113호(서신동, 새마을금고) "
16,전주효자점,"전라북도 전주시 완산구 거마평로 191-2, 1층(효자동1가) "
17,전주평화점,"전라북도 전주시 완산구 모악로 4750, 1층 (약국우측) (평화동1가) "
18,전주효천지구점,"전라북도 전주시 완산구 효천중앙로 22, A동 지하1층 A-B112호(효자동2가) "
19,상주벚꽃점,경상북도 상주시 냉림4길 91(냉림동) 
20,문경점촌점,"경상북도 문경시 중앙6길 16, 1층 102호(점촌동) "
21,평택고덕점,"경기도 평택시 고덕면 고덕여염12길 76, 104호 "
22,에이스퍼스트고덕점,"경기도 평택시 고덕면 고덕중앙로 290, 145호(에이스퍼스트고덕) "
23,평택드림테크점,"경기도 평택시 청북읍 드림산단4로 42-12, 101호 "
24,구미공단점,"경상북도 구미시 1공단로 192, 1층 10,11호(공단동) "
25,동탄호수공원점,"경기도 화성시 동탄대로5길 21, 1층 E164호(송동, 라크몽) "
26,동탄목동호반포레점,"경기 화성시 동탄신리천로1길 73, 호반프라자 1층 106호 "
27,동탄AP점,"경기 화성시 동탄산단8길 19, 산단프라자 1층 104호 "
28,동탄역에이스큐브점,"경기도 화성시 동탄광역환승로 73, 207동 1층 E164호(오산동, 동탄역 반도유보라 아이비파크 8.0) "
29,동탄더퍼스트타워점,"경기도 화성시 동탄대로21길 10, 1층 159호(영천동, 더 퍼스트타워) "
30,동탄우미뉴브점,"경기 화성시 동탄대로23길 121, 141호 "
31,동탄펜테리움IT타워점,"경기도 화성시 동탄기흥로 557, 1층 112호(영천동, 금강펜테리움IT타워) "
32,동탄w스페이스점,"경기도 화성시 동탄대로23길 101, 1층 110호(영천동, W스페이스) "
33,동탄IX타워점,"경기도 화성시 동탄첨단산업1로 27, 금강펜테리움 IX타워 근린생활시설 1층 M17호(영천동) "
34,동탄샹보르줌타워점,"경기도 화성시 동탄대로 700, 1층 103호(영천동, 샹보르 줌타워) "
35,동탄비즈타워점,"경기도 화성시 동탄첨단산업1로 63-12, 117-2호(영천동) "
36,동탄성심병원점,"경기도 화성시 삼성1로 144-13, 1층 102호(석우동) "
37,동탄삼성디오네점,"경기도 화성시 삼성1로 209, 1층 114호(석우동, 동탄 삼성 디오네 오피스텔) "
38,기흥테라점,"경기도 용인시 기흥구 서천로201번길 11, 지하1층 C-L134호(농서동, 기흥 테라타워 지식산업센터) "
39,남원의료원점,"전라북도 남원시 충정로 365, 2층(고죽동, 남원의료원) "
40,망포역점,"경기도 수원시 영통구 덕영대로1556번길 16, 1층 106호(영통동, 디지털엠파이어빌딩) "
41,영통디지털엠파이어2차점,"경기도 수원시 영통구 신원로 88, 101동 1층 119호(신동,디지털엠파이어2) "
42,영통삼성점,"경기도 수원시 영통구 신원로 126, B동 1층(신동, 브레인하우스) "
43,수원터미널점,"경기도 수원시 권선구 경수대로 270, 1314호(권선동, 터미널동) "
44,수원고색중앙점,"경기도 수원시 권선구 산업로156번길 201, 1층 110,111호(고색동) "
45,수원고색점,"경기도 수원시 권선구 산업로 180, 117, 118호(고색동, 디에이치타워) "
46,기흥힉스유타워점,"경기도 용인시 기흥구 중부대로 184, A동 146호(영덕동, 힉스유타워) "
47,고색1단지점,"경기도 수원시 권선구 오목천로152번길 68, 1층 122호(고색동, 골든프라자) "
48,수원인계점,"경기도 수원시 팔달구 권광로124번길 13, 1층 110호(인계동, 테라스 더 아델라움) "
49,기흥ICT밸리B동점,"경기도 용인시 기흥구 기흥로 58, B동 B101호(구갈동, 기흥ICT밸리 SKV1) "
50,포레나광교점,"경기도 수원시 영통구 광교호수공원로 300, 155호(하동, 포레나 광교) "
51,광교CBD광장점,"경기도 수원시 영통구 도청로18번길 26, 1층 101호(이의동, 힐스테이트광교중앙역) "
52,광교법조타운점,"경기도 수원시 영통구 광교중앙로248번길 7-2, A동 1층 103호(하동, 원희캐슬 광교) "
53,광교중앙점,"경기도 수원시 영통구 센트럴타운로 111, 1층 101호(이의동, 광교스타힐스 오피스텔) "
54,광교우미뉴브점,"경기도 용인시 수지구 광교중앙로 338, 1층 R-135호(상현동, 광교우미 뉴브) "
55,수지구청점,"경기도 용인시 수지구 수지로296번길 47, 104호(풍덕천동, 수석빌딩) "
56,수원성대역점,"경기도 수원시 장안구 서부로 2139, 1층 1004호(율전동, SK HUB BLUE) "
57,동천역점,"경기도 용인시 수지구 신수로 767, 에이동 138호(동천동, 분당수지 U-TOWER) "
58,오리역점,"경기도 성남시 분당구 성남대로 52, 1층 105호(구미동, 그랜드프라자) "
59,미금천사점,"경기도 성남시 분당구 성남대로 165, 1층 113호(금곡동, 천사의도시1 오피스텔) "
60,안산그랑시티시그니처타워점,"경기 안산시 상록구 해양3로 15, 그랑시티시그니처타워 1층 107호 "
61,의왕더리브비즈원점,"경기 의왕시 오봉산단3로 25, 의왕더리브비즈원 지하 1층 B106호 "
62,분당두산타워점,"경기 성남시 분당구 정자일로 158, 백궁프라자 107호 "
63,정자역점,"경기도 성남시 분당구 성남대로331번길 8, 104호-1호(정자동, 분당인텔리지1 킨스타워) "
64,정자학원가점,"경기도 성남시 분당구 성남대로 381, 1층 106호(정자동, 폴라리스빌딩) "
65,안산한대역점,"경기도 안산시 상록구 광덕1로 375, 1층 114호(이동, 강우프라자) "
66,서현퍼스트점,"경기도 성남시 분당구 황새울로312번길 20, 1층 113호(서현동, 분당태성빌딩) "
67,대구월배삼정점,"대구광역시 달서구 조암남로32길 40, 402동 1층 115호(대천동, 월배삼정그린코아포레스트) "
68,대구신월성점,"대구광역시 달서구 월성로 100, 501동 1층 111호(월성동, 월성 삼정그린코아 에듀파크) "
69,서현역점,"경기도 성남시 분당구 황새울로342번길 11, 102호(서현동, 금호리빙스텔) "
70,군포IT밸리점,"경기 군포시 고산로148번길 17, 군포IT밸리 1층 S-105호 "
71,안산고잔점,"경기도 안산시 단원구 광덕3로 167-10, 109호(고잔동, 유니프라자) "
72,대구진천역점,"대구광역시 달서구 월배로 71, 1층 108호(진천동, 진전트윈팰리스) "
73,안산중앙점,"경기도 안산시 단원구 예술대학로 11, 105호(고잔동, 해남빌딩) "
74,대구월성래미안점,"대구광역시 달서구 조암남로 43, 1층(월성동) "
75,안산현대해상점,"경기도 안산시 단원구 고잔2길 9, 1층 107호(고잔동, 하이베라스) "
76,군포센트럴비즈파크점,"경기도 군포시 공단로140번길 38, 1층 121호(당정동) "
77,판교역점,"경기도 성남시 분당구 분당내곡로 117, 1층 108호(백현동, 알파돔타워4) "
78,안산자유센터점,"경기 안산시 단원구 화랑로 358 , 1층 126호,127호 "
79,판교중앙점,"경기도 성남시 분당구 대왕판교로606번길 31, 1층 109호(삼평동) "
80,판교점,"경기도 성남시 분당구 대왕판교로 670, 1층 126호(삼평동, 유스페이스2) "
81,원주무실점,"강원도 원주시 능라동길 47, 베르뉴노블레스타워 101호(무실동) "
82,대구상인점,"대구광역시 달서구 송현로7길 15, 1층 2호 103호(상인동) "
83,판교우림w시티점,"경기도 성남시 분당구 판교로255번길 9-22, 1층 123호(상평동, 우림더블유시티) "
84,호계데시앙플렉스점,"경기도 안양시 동안구 엘에스로 122, 1층 106호(호계동, 호계 데시앙플렉스) "
85,야탑점,"경기도 성남시 분당구 야탑로75번길 15, 1층 101-1호(야탑동, 세화2001빌딩) "
86,안산초지점,"경기도 안산시 단원구 원선1로 38, 상가동 111호(초지동, 두산위브아파트) "
87,야탑역점,"경기도 성남시 분당구 성남대로926번길 6, 1층 104호(야탑동, 야탑대덕프라자) "
88,금정2차SKV1점,"경기도 안양시 동안구 엘에스로 136, 1층 122호(호계동) "
89,심평원사거리점,"강원도 원주시 입춘로 110, 파라다이스프라자 1층 103호(반곡동) "
90,군포한림휴먼타워점,"경기도 군포시 엘에스로 172, 1층 105호(금정동,한림휴먼타워) "
91,판교제2테크노밸리점,"경기도 성남시 수정구 창업로 54, 지하 1층 B105호(시흥동) "
92,성남시청점,"경기도 성남시 중원구 성남대로997번길 11, 1층 103~104호(여수동) "
93,대구영대병원점,"대구광역시 남구 명덕시장길 53, 1층(대명동) "
94,평촌디지털엠파이어점,"경기도 안양시 동안구 흥안대로427번길 16, 지상1층 124호(관양동, 평촌디지털엠파이어) "
95,안산타크라3차점,"경기도 안산시 단원구 만해로 205, A동 128호(성곡동, 타원 TAKRA III) "
96,성결대점,"경기도 안양시 만안구 성결대학로 54, 1층(안양동) "
97,에이스청계타워점,"경기도 의왕시 성고개로 53, 1층 142호(포일동, 에이스청계타워) "
98,평촌하이필드점,"경기도 안양시 동안구 벌말로 66, 1층 R108호(관양동, 평촌역 하이필드) "
99,에이스하이테크시티범계점,"경기도 안양시 동안구 시민대로109번길 29, 1층 122호(호계동, 에이스하이테크시티 범계) "
100,경대병원역점,"대구광역시 중구 달구벌대로 지하 2190, 지하1층(삼덕동2가, 경대병원역) "
101,인덕원디지털엠파이어점,"경기도 안양시 동안구 시민대로 387, A동 1층 110호(관양동, 디지털엠파이어) "
102,안양무역센터점,"경기도 안양시 동안구 시민대로 161, 1층 107호(비산동, 안양무역센터) "
103,안양관평사거리점,"경기도 안양시 동안구 시민대로 266, 1층 108호(관양동, 평촌샤르망오피스텔) "
104,동안양세무서점,"경기도 안양시 동안구 시민대로 277, 1층 101호(관양동, 세방글로벌시티) "
105,평촌스마트점,"경기도 안양시 동안구 시민대로 311, 1층 102호(관양동, 금강스마트빌딩) "
106,안양아이에스비즈타워점,"경기도 안양시 만안구 덕천로152번길 25, 1층 130호(안양동, 안양아이에스BIZ타워센트럴) "
107,성남고등반도점,"경기 성남시 수정구 고등동 603, 반도아이비밸리 1층 105호 "
108,상대원점,"경기도 성남시 중원구 사기막골로 124, 테크동 지하2층 207호(상대원동, SKn테크노파크) "
109,대구수성점,"대구광역시 수성구 들안로 325, 101동 1층 근린생활시설 6호(수성동 2가, 롬바드 아파트) "
110,동대구점,"대구광역시 동구 동부로26길 16, 1층 114호(신천동, 동대구역 부띠끄시티 드라마오피스텔) "
111,성남이마트점,"경기 성남시 수정구 수정로 205, 산운빌딩 1층 "
112,대구범어1호점,"대구광역시 수성구 동대구로 397, 1층 103호(범어동, 웰스빌딩) "
113,과천디테크A타워점,"경기 과천시 과천대로7길 33, A동 102호(갈현동, 디 테크 타워 과천) "
114,성남의료원점,"경기 성남시 수정구 시민로205번길 34, 1층 "
115,원주단계천점,강원도 원주시 돌터1길 10-5 (우산동) 
116,가천대역점,"경기도 성남시 수정구 성남대로 1330, 102호(태평동, 일성 오퍼스원) "
117,과천위버필드점,"경기 과천시 별양상가2로 35, 과천위버필드상가 3동 1층 115호 "
118,시흥능곡역점,"경기도 시흥시 능곡번영길 24,1층 105호(능곡동) "
119,시흥호반써밋더프라임점,"경기도 시흥시 거북섬남로 77, 121동 B108호(정왕동, 호반써밋더프라임) "
120,과천힐스테이트중앙점,"경기도 과천시 관문로 92, B동 B103호(중앙동, 힐스테이트 과천중앙) "
121,성남을지대점,"경기도 성남시 수성구 산성대로567번길 10, 1층(양지동) "
122,내곡동한국콜마점,서울 서초구 헌릉로8길 60 상가동 106호 
123,위례역점,"경기도 성남시 수정구 위례광장로 21-13, 1층 105호(창곡동, 힘찬프라자) "
124,시흥장곡점,"경기도 시흥시 진말1로 18, 1층 112호(장곡동) "
125,위례중앙점,"경기도 성남시 수정구 위례광장로 320, 109호(창곡동, 아이에스센트럴타워) "
126,광명역자이타워점,"경기도 광명시 새빛공원로 67, B동 101호(일직동, 광명역자이타워) "
127,광명역코스트코앞점,"경기도 광명시 일직로 43, 지1층 L062호(일직동, GIDC) "
128,광명GIDC A동점,"경기도 광명시 일직로 43, 1층 1084호(일직동, GIDC) "
129,자곡동점,"서울특별시 강남구 자곡로 180, 1층 103-1호(자곡동, 강남유탑유블레스) "
130,서초호반점,"서울 서초구 양재대로2길 8, 서초리슈빌s글로벌 1층 108호 "
131,가든파이브점,"서울특별시 송파구 충민로 52, BF1074호(문정동, 가든파이브웍스) "
132,양재시민의숲점,"서울특별시 서초구 매헌로1길 30, 1층(양재동) "
133,북위례점,"경기도 하남시 위례대로6길 15, 상가동 지1층 123호 (학암동, 힐스테이트 센트럴 위례) "
134,매헌역점,"서울특별시 서초구 강남대로10길 41, 1층(양재동) "
135,우면동점,"서울 서초구 성촌1길 12, 삼성프라자2 1층 103호 "
136,문정테라타워점,"서울특별시 송파구 송파대로 167, A동 G155호(문정동, 문정역테라타워) "
137,문정점,"서울특별시 송파구 법원로11길 11, A동 1층 103호(문정동, 문정현대지식산업센터1-1) "
138,문정역점,"서울특별시 송파구 법원로 114, E동 지1층 E-B169호(문정동, 엠스테이트) "
139,송파에코점,"서울특별시 송파구 정의로7길 13, 1층 135호(문정동, 힐스테이트에코송파) "
140,문정skv1지하점,"서울특별시 송파구 법원로 128, B동 지하 120호 (문정동, 문정 SKV1 GL메트로시티) "
141,문정skv1점,"서울특별시 송파구 법원로 128, B동 1층 103호(문정동, 문정 SKV1 GL메트로시티) "
142,거여동점,"서울특별시 송파구 오금로 558, 1층 102호(거여동, 문성회관) "
143,포이점,"서울특별시 서초구 마방로10길 18-1, 1층(양재동, 남광빌딩) "
144,수서로즈데일점,"서울특별시 강남구 광평로 280, 지하2층 121호(수서동, 로즈데일오피스텔) "
145,수서역점,"서울특별시 강남구 광평로51길 8, 지상1층 113호(수서동, 로얄프라자) "
146,양재일동제약점,"서울 서초구 바우뫼로 147, 스카이뷰빌딩 1층 "
147,가락시장역점,"서울특별시 송파구 송파대로 260, 1층 105호(가락동, 제일오피스텔) "
148,시흥동점,"서울특별시 금천구 금하로 747-1, 1층 일부(시흥동, 리빙스턴하우스) "
149,양재산기협점,"서울특별시 서초구 바우뫼로37길 36, 1층(양재동) "
150,경찰병원점,"서울특별시 송파구 송파대로28길 43, 1층 102호(가락동) "
151,광명에이스점,"경기도 광명시 하안로 108, A동 1층 103호(소하동, 에이스 광명타워) "
152,양재동점,"서울특별시 서초구 남부순환로356길 26, 1층 102호(양재동) "
153,매봉역점,"서울특별시 강남구 남부순환로378길 8, 1층(도곡동) "
154,양재역점,"서울특별시 강남구 남부순환로359길 12, 1층 101호(도곡동, 항덕빌딩) "
155,송파헬리오시티점,"서울특별시 송파구 송파대로 345, 001A동 1001호(가락동, 헬리오시티) "
156,시흥대교점,"서울특별시 금천구 금하로 601, 1층 101호(시흥동) "
157,사당점,"서울특별시 관악구 과천대로 953, 1층(남현동) "
158,서초쌍용플래티넘점,"서울특별시 서초구 서초중앙로 18, 113호(서초동, 서초쌍용플래티넘) "
159,대구신서혁신점,"대구광역시 동구 과학로 23, 상가1동 105호(각산동, 대구신서혁신엘에치천년나무6단지) "
160,오금역점,"서울 송파구 오금로 307, 르네상스빌아파트 1층 101호 "
161,서초서일점,"서울특별시 서초구 효령로68길 59, 1층(서초동) "
162,서초효령로점,"서울특별시 서초구 명달로 58, 1층 102호(서초동) "
163,남부터미널역점,"서울특별시 서초구 효령로53길 18, 1층 114호(서초동, 석탑오피스텔) "
164,뱅뱅사거리점,"서울특별시 강남구 강남대로62길 11, 1층(역삼동) "
165,송도스마트밸리점,"인천광역시 연수구 송도미래로 30, E동 2층 204-1호(송도동, 송도 BRC 스마트밸리 지식산업센터) "
166,서초센트럴점,"서울특별시 서초구 반포대로18길 36, 1층 107호(서초동, 서초센트럴IPARK) "
167,금천롯데캐슬2차점,"서울특별시 금천구 벚꽃로 30, 205동 1층 108호(독산동, 금천 롯데캐슬 골드파크 2차) "
168,강남효성해링턴점,"서울특별시 서초구 강남대로51길 10, 1층 106호(서초도으 강남효성해링턴타워) "
169,서울교대정문점,"서울 서초구 사임당로 60, 1층 일부 "
170,서초점,"서울특별시 서초구 서초대로40길 88, 103호 (서초동) "
171,대치점,"서울특별시 강남구 도곡로 442, 1층 104호(대치동, 진흥빌딩) "
172,신림대학점,"서울특별시 관악구 호암로26길 1, 1층 1호(신림동) "
173,서역삼로점,"서울 강남구 역삼로 166, 1층  "
174,강남1호점,"서울특별시 강남구 역삼로 113, 1층 102호(역삼동) "
175,이수역점,"서울특별시 서초구 서초대로 12, 101동 104호(방배동, 세양아르비채) "
176,남성점,"서울특별시 동작구 사당로16길 12, 1층(사당동) "
177,관악구청점,"서울특별시 관악구 관악로11길 17, 1층 104호(봉천동, 연빌딩) "
178,교대후문점,"서울특별시 서초구 서초대로54길 33, 1층(서초동) "
179,강남서초점,"서울특별시 서초구 서초대로78길 30, 1층 1호(서초동) "
180,송도AT센터점,"인천광역시 연수구 송도과학로 70, 153호(송도동, 송도AT센터) "
181,교대점,"서울특별시 서초구 서초대로46길 15, 1층(서초동, 성은빌딩) "
182,역삼신한점,"서울특별시 강남구 언주로 405, 지상1층 106호(역삼동) "
183,역삼중앙점,"서울 강남구 강남구 논현로 425, 마이다스빌딩 1층 102호 "
184,삼성타운점,"서울특별시 서초구 서운로 138, 108호(서초동, 서초동아타워) "
185,내방점,"서울 서초구 방배로 174, 1층 "
186,호구포역점,"인천광역시 남동구 논현로46번길 22, 에이동 1층 115호(논현동, 코아루파크) "
187,서울대입구역점,"서울특별시 관악구 관악로 168, 제1층 제108-1호(봉천동, 대우디오슈페리움2단지) "
188,방이시장역점,"서울특별시 송파구 백제고분로 468, 1층(방이동, 금복빌딩) "
189,강남역점,"서울특별시 강남구 테헤란로4길 6, 지하1층 B114호(역삼동, 강남역센트럴 푸르지오 시티) "
190,휘문고교점,"서울특별시 강남구 역삼로 538, 지상1층 104호(대치동, 블루스카이보습학원) "
191,서초법원점,"서울특별시 서초구 서초중앙로24길 15, 1층(서초동, 단우빌딩) "
192,역삼신일유토빌점,"서울특별시 강남구 논현로87길 41, 1층 104-1호(역삼동, 신일유토빌) "
193,송도IT센터점,"인천광역시 연수구 송도과학로 32, 1층 에이 117-1호(송도동, 송도테크노파크IT센터) "
194,금천롯데타워점,"서울특별시 금천구 벚꽃로 110, 지상1층 101호(독산동, 명남더블레스) "
195,관악센츄리타워점,"서울시 관악구 남부순환로 1808, 1층 3호 "
196,하안사거리점,"경기 광명시 범안로 1050, 성보프라자 1층 107호 "
197,역삼언주로점,"서울특별시 강남구 언주로85길 32, 2층 201호(역삼동) "
198,강남해커스타운점,"서울특별시 서초구 서초대로77길 9, 1층 105호(서초동) "
199,테헤란로중앙점,"서울특별시 강남구 언주로 432-10, 1층 101호(역삼동, 역삼오피스텔) "
200,금천점,"서울특별시 금천구 시흥대로115길 13, 1층 102호, 103호(독산동) "
201,독산역스카이밸리2차점,"서울특별시 금천구 범안로 1142, 1층 113(일부)호(가산동, 하우스디 더 스카이밸리 가산2차) "
202,국기원점,"서울특별시 강남구 테헤란로5길 11, 1층 2호(역삼동) "
203,포스코센터점,"서울특별시 강남구 삼성로85길 11, 생활편익시설동 지하1층 B11호(대치동, 롯데캐슬아파트) "
204,선릉한신점,"서울특별시 강남구 테헤란로 322, 지하2층  B160, 162호(역삼동, 한신인터밸리24빌딩) "
205,역삼역점,"서울특별시 강남구 테헤란로27길 8, 1층(역삼동, 다온빌딩) "
206,선릉역점,"서울특별시 강남구 테헤란로64길 9, 지하1층 101호(대치동, 선릉역대우아이빌) "
207,잠실트리지움점,"서울특별시 송파구 석촌호수로 61, 1층 146호(잠실동, 트리지움) "
208,선릉대치점,"서울특별시 강남구 선릉로90길 56, 지상1층 102호(대치동, 대치동 대우아이빌명문가) "
209,포스코사거리점,"서울특별시 강남구 테헤란로84길 16, 지상1층(대치동) "
210,삼성역현대백화점사옥점,"서울특별시 강남구 영동대로85길 20, 지상1층 102호(대치동) "
211,방이점,"서울특별시 송파구 올림픽로30길 9, 1층 108호(방이동, 엘루이시티) "
212,역삼점,"서울특별시 강남구 테헤란로43길 12, 103(역삼동,1층) "
213,송도인천대점,"인천광역시 연수구 하모니로 271,제1동 제112호(송도동, 송도코스테이주건축물) "
214,역삼역한라빌딩점,"서울 강남구 테헤란로25길 30, 1층 "
215,잠실리센츠점,"서울특별시 송파구 올림픽로 145, 상가동 1층 1에이91호(잠실동, 리센츠) "
216,삼성역점,"서울특별시 강남구 테헤란로108길 12, 지상1층(대치동, 하나빌딩) "
217,봉천역점,"서울특별시 관악구 남부순환로 1733, 1층(봉천동) "
218,몽촌토성역점,"서울특별시 송파구 위례성대로2길 8, 1층 109,110호(방이동, 새천년잠실헤리츠오피스텔) "
219,잠실종합운동장점,"서울특별시 송파구 올림픽로8길 4-11, 1층 101호(잠실동, 잠실 포레디움) "
220,잠실엘스점,"서울 송파구 올림픽로 119, 잠실파인애플상가 1층 40호 "
221,영등포이앤씨점,"서울 송파구 올림픽로 119, 잠실파인애플상가 1층 40호 "
222,선릉성원빌딩앞점,"서울특별시 강남구 선릉로94길 3, 1층(삼성동) "
223,루터회관점,"서울특별시 송파구 올림픽로35다길 42, 1층 101호(신천동, 루터회관) "
224,독산점,"서울특별시 금천구 가산디지털1로 25, 제1층 제102호(가산동, 대륭테크노타운17차) "
225,잠실지하상가점,"서울특별시 송파구 송파대로 567, B동 15호(잠실동, 잠실역지하도상가) "
226,삼성도심공항점,"서울특별시 강남구 테헤란로87길 17, 지상1층 105-1호(삼성동 마젤란 21 아스테리움) "
227,삼성역현대GBC점,"서울특별시 강남구 테헤란로107길 11, 지상 1층 103호(삼성동, 성보타운) "
228,역삼FnF점,"서울 강남구 테헤란로39길 55, 1층 "
229,방배카페골목점,"서울 서초구 방배로43길 43, 1층 103호 "
230,신논현점,"서울특별시 서초구 사평대로56길 7, 1층 107호(서초동, 서초한일유앤아이주상복합) "
231,코엑스점,"서울특별시 강남구 테헤란로83길 40(삼성동,1층) "
232,시흥은계호수공원점,"경기 시흥시 은계중앙로 236, 1층 110호 "
233,제일KCC점,"서울특별시 서초구 주흥길 3, 104호(반포동, 시범빌딩) "
234,삼성로점,"서울 강남구 삼성로 549, 정화빌딩 1층 102호 "
235,호서대벤처타워점,"서울특별시 금천구 가산디지털1로 70(가산동, 호서대벤처타워 101호) "
236,가산G밸리더리브스마트타워점,"서울특별시 금천구 가산디지털2로 34, 1층 111호(가산동, 지벨리더리브스마트타워) "
237,잔카드림타워점,"서울특별시 금천구 가산디지털2로 35, 1층 105호(가산동) "
238,장미상가점,"서울특별시 송파구 올림픽로35길 124, 에이상가 2동 1층 102호(신천동, 장미아파트) "
239,신림역점,"서울특별시 관악구 신림로 344, 102호, 103호(신림동, 에스케이허브그린) "
240,봉은사로선정릉점,"서울특별시 강남구 봉은사로 438, 지상1층(삼성동, 몽베르빌딩) "
241,가산테라타워점,"서울 금천구 디지털로10길 78, 가산테라타워 105호,106호의 일부 "
242,선정릉역1번출구점,"서울 강남구 봉은사로51길 5, 1층 A03호 "
243,가산아이에스비즈타워점,"서울특별시 금천구 가산디지털1로 75-24, 102호(가산동, 가산 아이에스비즈타워) "
244,잠실나루역점,"서울특별시 송파구 올림픽로37길 130 A상가동 1층 162호(신천동, 파크리오) "
245,가산IT프리미어타워점,"서울특별시 금천구 가산디지털1로 88, 1층 102-2호(가산동, IT프리미어타워) "
246,논현아이파크점,"서울특별시 강남구 언주로 615, 103동 지하1층 B122호(논현동, 논현아이파크) "
247,봉은사역점,"서울특별시 강남구 영동대로112길 9, 지상1층 3호(삼성동) "
248,대륭19차점,"서울특별시 금천구 가산디지털2로 70, 1층 101호(가산동, 대륭테크노타운19차) "
249,에이스하이엔드타워6차점,"서울특별시 금천구 벚꽃로 234, 1층 110호(가산동, 에이스하이엔드타워6차) "
250,숭실대점,"서울특별시 동작구 사당로 24, 1층(상도동) "
251,가산반도아이비밸리점,"서울특별시 금천구 가산디지털로 204, 1층 105호(가산동) "
252,에이스가산타워점,"서울특별시 금천구 디지털로 121, 1층 103호(가산동, 에이스가산타워) "
253,학동점,"서울시 강남구 언주로 125길 8, 지상1층 104호 "
254,논현역점,"서울특별시 강남구 학동로2길 6, 1층 104호(논현동) "
255,구로대진월드타워점,"서울특별시 구로구 시흥대로163길 25,102호(구로동, 대진월드Ⅰ) "
256,한라원앤원타워점,"서울특별시 금천구 가산디지털2로 101, 1층 118호(가산동) "
257,잠원논현역점,"서울특별시 서초구 신반포로47길 9-21, 101호(잠원동, 원진빌딩) "
258,갑을그레이트밸리점,"서울특별시 금천구 디지털로9길 32, 1층 108호(가산동, 갑을그레이트밸리) "
259,가산스카이밸리1차점,"서울특별시 금천구 가산디지털1로 142, 1층 129호(가산동, 가산 더스카이밸리 1차) "
260,경산중산점,"경상북도 경산시 경산로 267, 1층(중산동) "
261,둔촌동점,"서울특별시 강동구 양재대로102가길, 7 1층(둔촌동) "
262,숭실대입구역점,"서울특별시 동작구 상도로62길 69, 1층(상도동, 라온) "
263,가산SJ테크노빌점,"서울특별시 금천구 벚꽃로 278, 1층 104호(가산동, SJ테크노빌) "
264,강남구청점,"서울특별시 강남구 선릉로129길 11, 101호(논현동) "
265,하남시청점,"경기도 하남시 대청로 26, 1층 102호의 일부호(신장동, 하남리빙텔) "
266,구로디지털중앙점,"서울특별시 구로구 디지털로30길 31, 1층 103호(구로동, 코오롱디지털타워빌란트2차) "
267,강동구청점,"서울특별시 강동구 성내로3가길 27, 1층 101호(성내동, 성내 퍼스트초이스) "
268,학동역사거리점,"서울 강남구 논현로131길 12, B1층 "
269,보라매대교점,"서울 동작구 보라매로3길 29, 해태보라매타워 1층 12호  "
270,대륭포스트5차점,"서울특별시 금천구 디지털로9길 68, 1층 112~113호(가산동, 대흉포스트타워 5차) "
271,휴포레점,"서울특별시 동작구 시흥대로 606, 상가1층 110호(신대방동, 동작 협성휴포레 시그니처) "
272,보라매공원점,"서울 동작구 보라매로5길 43, 보라매삼성쉐르빌아파트 1층 105호 "
273,구로디지털단지점,"서울특별시 구로구 디지털로32나길 17-45, 1층 101호(구로동, 오피스텔미래지오) "
274,가산디지털단지역점,"서울특별시 금천구 벚꽃로 298, 1층 104-2호(가산동, 대륭포스트타워6차) "
275,구로에이스테크노타워3차점,"서울특별시 구로구 디지털로29길, 38, 103호(구로동, 에이스테크노타워 III) "
276,가산먹거리촌점,"서울시 금천구 가산디지털2로 140, 지상1층 일부호(가산동) "
277,성내점,"서울특별시 강동구 풍성로 95, 1층 101호(성내동) "
278,가산W센터점,"서울특별시 금천구 가산디지털1로 181, 1층 110호(가산동, 가산 더블유센터) "
279,BYC사옥점,서울 영등포구 대림동 1005-3 (준공 전이라 구주소 입력) 
280,구로삼성IT밸리점,"서울특별시 구로구 디지털로33길 27, 1층 107-1호(구로동, 삼성아이티밸리) "
281,옥길광양프런티어점,"경기도 부천시 양지로 237, 1층 105호(옥길동, 광양프런티어밸리5차) "
282,신사점,"서울특별시 강남구 도산대로8길 5, 1층(논현동) "
283,에이스K-1타워점,"서울특별시 금천구 가산디지털2로 166, 1층 101호(가산동, 에이스1타워) "
284,강동역점,"서울특별시 강동구 천호대로 1089, 지하1층 B31호(천호동, 강동 헤르셔) "
285,신사동점,"서울특별시 강남구 강남대로156길 8, 1층 103호(신사동) "
286,철산역롯데캐슬점,"경기도 광명시 시청로 50, A상가동 AA119호(철산동, 철산역 롯데캐슬&SKVIEW 클래스티지) "
287,가산포휴점,"서울특별시 금천구 가산디지털1로 225, 1층 122-1호(가산동, 에이스가산 포휴) "
288,청담점,"서울 강남구 압구정로79길 38, 데오빌로 1층 "
289,하남U1점,"경기도 하남시 하남대로 947, A동 1층 173B호(풍산동, 하남테크노밸리 U1 CENTER) "
290,보라매자이점,"서울특별시 동작구 여의대방로22길 121, 1층 1221호(신대방동, 보라매자이 더 포레스트) "
291,중앙대점,"서울특별시 동작구 흑석로101, 1층(흑석동) "
292,구로시장점,"서울특별시 구로구 구로동로26길 119, 1층 102호(구로동, 정엽빌딩) "
293,신사가로수본점,서울특별시 강남구 논현로 159길 34 1층 
294,천호점,서울특별시 강동구 올림픽로72길 25(천호동) 
295,보라매역부광약품점,"서울 동작구 상도로 13, 1층 "
296,자양시장점,"서울특별시 광진구 자양로15길 6, 1층(자양동) "
297,압구정역점,"서울특별시 강남구 압구정로30길 12, 지상1층(신사동) "
298,송도센트로드점,"인천광역시 연수구 인천타워대로 323, 상가동 1층 디117호(송도동, 송도 센트로드) "
299,미사스마트밸리점,"경기도 하남시 미사강변서로 16, 1층 알105호(풍산동, 하우스디스마트밸리) "
300,구로구청점,"서울특별시 구로구 가마산로 271, 1층 101호(구로동, 구롱오네뜨시티) "
301,고덕자이점,"서울특별시 강동구 상일로 55, 상가동 103-1호(상일동, 고덕자이) "
302,노량진점,서울특별시 동작구 노량진로 16길 26 1층 
303,구로SKV1점,"서울특별시 구로구 부광로 88, BB104호(항동, 구로 SK V1 center) "
304,메가스터디타워점,"서울 동작구 노량진로140, 메가스터디타워 1층 102호 "
305,광나루역점,"서울 광진구 천호대로 808, 광장12차현대홈타운 1202동 지하1층 105호 "
306,미사학원가점,"경기도 하남시 미사강변대로 64, 1층 107호(풍산동,제일아이조움) "
307,미사현대2차점,"경기도 하남시 미사대로 540 A동 C-123호(덕풍동, 현대지식산업센터 한강미사2차) "
308,노량진2호점,"서울특별시 동작구 노량진로12길 16, 1층(노량진동) "
309,노량진큐브점,"서울특별시 동작구 노량진로 80, 1층 101호(노량진동, 노량진큐브스테이트) "
310,한강미사점,"경기도 하남시 미사대로 520, C동 1층 029호(덕풍동, 현대지식산업센터 한강미사2차) "
311,고덕역점,"서울특별시 강동구 고덕로 262, 1층 119호(명일동, 고덕역 효성해링턴 타워 더퍼스트) "
312,성수AK밸리점,"서울특별시 성동구 연무장길 76, 1층 103호(성수동2가 성수 AK 밸리) "
313,오류동점,"서울특별시 구로구 오류로 51, 1층(오류동) "
314,인천만수동점,"인천광역시 남동구 백범로 107, 1층 전부호(만수동) "
315,대방역점,"서울특별시 영등포구 여의대방로62길 2, 1층(신길동, 봉덕빌딩) "
316,상일동역점,"서울특별시 강동구 고덕로 385, 1층 113호(고덕동, 고덕그라시움(제4상가)) "
317,건대후문점,"서울특별시 광진구 광나루로24길 29, 1층(화양동) "
318,미사역점,"경기도 하남시 미사강변남로 103, 1층 114호(망월동, 미사랑데르III) "
319,성수성원점,"서울특별시 성동구 아차산로15길 10, 116호(성수동2가, 성원상떼뷰 오피스텔) "
320,한남순천향병원점,"서울 용산구 대사관로 66, 1층 "
321,성수역SKV1점,"서울특별시 성동구 연무장9길 10, 101호(성수동2가) "
322,서울숲코오롱1차점,"서울특별시 성동구 성수일로4길 25, 1층 111호(성수동2가, 서울숲코오롱디지털타워) "
323,여의도라이프점,"서울특별시 영등포구 63로 40, 지하1층 22,23호(여의도동) "
324,고덕래미안점,"서울특별시 강동구 아리수로50길 50, 1층 147,148호(고덕동, 래미안힐스테이트고덕) "
325,성수역점,"서울특별시 성도우 성수이로 108, 1층 5호(성수동2가) "
326,동양미래대점,"서울특별시 구로구 경인로47길 31, 1층 101호(고척동, 동양빌딩) "
327,구로대명벨리온점,"서울특별시 구로구 경인로53가길 10, 1층 107호(구로동, 구로 대명 벨리온 지식산업센터) "
328,성수낙낙점,"서울특별시 성동구 아차산로17길 48, B동 1층 R104호(성수동2가) "
329,미사그랑파사쥬점,"경기도 하남시 미사강변동로 95, 1층 1070호(망월동, 힐스테이트 미사역 그랑파사쥬(12-1BL)) "
330,용산점,"서울특별시 용산구 한강대로30길 25, 지하1층 B117호(한강로2가, 아스테리움 용산) "
331,용산구청점,"서울특별시 용산구 녹사평대로32길 51, 지1층(이태원동) "
332,세종대점,"서울 광진구 광나루로 385, 1층 3호 "
333,구로공구상가점,"서울특별시 구로구 구로중앙로 211, 1층 제101,102호(구로동) "
334,용산푸르지오써밋점,"서울특별시 용산구 한강대로 69, 상가동 1층 104-2호(한강로2가, 용산푸르지오써밋) "
335,성수우림점,"서울특별시 성동구 광나루로6길 35, 1층 110호(성수동2가, 성수동우림 이비즈센터) "
336,성수엠타워점,"서울특별시 성동구 뚝섬로1길 31,1층 103호(성수동1가, 서울숲 M타워) "
337,미사호반써밋점,"경기도 하남시 미사강변한강로 270, 상가동 1층 187호(망월동, 미사강변 호반 써밋) "
338,이태원동점,"서울특별시 용산구 보광로59길 9, 1층(이태원동) "
339,샛강역점,"서울특별시 영등포구 의사당대로1길 11, 1층 107호(여의도동, 메종리브르오피스텔) "
340,모래내시장점,"인천 남동구 구월로276번길 40, 106호 "
341,아차산역점,"서울특별시 광진구 천호대로129길 7, 1층 (오른쪽 부분)(중곡동) "
342,신도림점,"서울특별시 구로구 경인로 661, 123호(신도림동, 신도림1차푸르지오) "
343,뚝섬역5번출구점,"서울시 성동구 상원길 24, 1층 102호 "
344,여의도미원빌딩점,"서울특별시 영등포구 국제금융로 70, 1층 114호(여의도동, 미원빌딩) "
345,신용산점,"서울특별시 용산구 새창로 217, 1층 제121, 122, 123, 127, 131호(한강로2가, 용산토투밸리) "
346,뚝섬역점,"서울특별시 성동구 아차산로 49, 1층 102-2호(성수동1가, 서울숲 코오롱디지털타워 III) "
347,서울숲아이코닉점,"서울시 성동구 서울숲2길 32-14, 1층 103호 "
348,여의도역점,"서울특별시 영등포구 의사당대로 108, 상가동 1층 118호(여의도동, 아일렉스) "
349,강일점,"서울특별시 강동구 아리수로93길 33-9, 1층 106호(강일동, 강일프라자) "
350,인천국세청점,"인천 남동구 남동대로765번길 26, 구월파라디아 1층 105호  "
351,에이스하이테크시티점,"서울특별시 영등포구 경인로 775, B183호(문래동3가, 에이스하이테크시티) "
352,영등포우체국점,"서울특별시 영등포구 경인로 841, 1층(영등포동4가) "
353,인천예술회관역점,"인천시 남동구 예술로 192번길 30, 1층 103호 (구월동) "
354,강동U1센터점,"서울 강동구 고덕비즈밸리로 26, 강동U1센터 1층 B-120호 "
355,서울숲A1점,"서울특별시 성동구 성수일로 11길 11, 1층(성수동1가) "
356,여의도s점,"서울특별시 영등포구 국제금융로2길 37, 107호(여의도동, S-TRENUE) "
357,영등포동2가점,"서울특별시 영등포구 영등포로 251-1, 1층 일부(영등포동2가) "
358,여의도증권가점,"서울특별시 영등포구 국제금융로2길 36, 1층(여의도동, 유화증권빌딩) "
359,타임스퀘어시티점,"서울특별시 영등포구 문래로 180, 1층 102호(영등포동4가, 영등포 센트럴 푸르지오 시티) "
360,경산하양점,"경상북도 경산시 하양읍 서사도리9로 17, 1층 110호(드림스퀘어2) "
361,여의도IFC몰점,"서울특별시 영등포구 국제금융로 10, B2층 일부호(여의도동,서울 국제금융 센터) 무빙워크 "
362,파크원타워1점,서울특별시 영등포구 여의대로 108 여의도파크원타워 타워1 2층 
363,용산원효점,"서울 용산구 원효로 139-1, 1층 "
364,한강성심병원점,"서울특별시 영등포구 버드나루로7길 3, 1층 104호(영등포동2가, 경동미르웰 여의도) "
365,여의도KBS본관점,"서울특별시 영등포구 의사당대로 38, 102동 1층 125호(여의도동, 여의도더샵아일랜드파크) "
366,당산생각공장점,"서울특별시 영등포구 영등포로 150, 1층 B112호(당산동1가, 생각공장 당산) "
367,문래SKV1점,"서울특별시 영등포구 선유로9길 10, 1층 129호(문래동6가, 문래 SKV1 center) "
368,부천역점,"경기도 부천시 부일로 464, 1층 103호 (심곡동, 태강캐슬) "
369,영등포시장역점	,"서울특별시 영등포구 영중로 75-1, 1층(영등포동7가) "
370,여의도스카우트빌딩점,"서울특별시 영등포구 국회대로62길 14, 1층 102호(여의도동, 한국보이스카우트연맹회관) "
371,영등포반도아이비밸리점,"서울 영등포구 영신로 166, 영등포반도아이비밸리 1층 118호 "
372,용산더프라임점,"서울특별시 용산구 원효로90길 12, 1층(원효로1가) "
373,미사SKV1점,"경기도 하남시 미사강변한강로 155, 1층 근생125호(망월동, 미사강변 SK V1 center) "
374,여의도점,"서울특별시 영등포구 국회대로 70길 22, 104(여의도동) "
375,문래점,"서울특별시 영등포구 선유로 76, 1층 105호(문래동3가, 동국메뜨리앙) "
376,여의도공원점,"서울시 영등포구 은행로 60-1, 1층 111호 "
377,남영역점,"서울특별시 용산구 한강대로 259, 1층 108호(갈월동, 고려에이트리움) "
378,서여의도점,"서울특별시 영등포구 국회대로76길 18, 1층 4호(여의도동, 오성빌딩) "
379,미사스카이폴리스점,"경기도 하남시 미사강변한강로 135, 나 123호(망월동, 834-1 미사강변스카이폴리스 지식산업센터) "
380,영등포리마크빌점,"서울특별시 영등포구 영중로 109, 1층(영등포동8가) "
381,문래에이스NS타워점,"서울 영등포구 문래동6가 33, 에이스NS타워 1층 108호 "
382,신정교점,"서울 양천구 신목로 31,1층 102호(신정동) "
383,장한평점,서울특별시 성동구 천호대로 400(용답동) 
384,장안동점,"서울특별시 동대문구 천호대로 427-4, 1층 일부(장안동) "
385,중곡보건복지행정타운점,"서울특별시 광진구 능동로 400, 1층 130호(중곡동, 보건복지행정타운) "
386,영등포리드원점,"서울특별시 영등포구 양산로 91, 1층 119호(당산동3가, 리드원) "
387,양천구청이스타빌점,"서울특별시 양천구 목동서로 377, A동 1층 103호(신정동, 이스타빌3차) "
388,영등포구청역점,"서울특별시 영등포구 당산로31길 16, 1층(당산동3가) "
389,양평역점,"서울특별시 영등포구 양산로 50-1, 1층 102호(양평동1가, 양평빌딩) "
390,동아프라임밸리점,"서울특별시 영등포구 영등포로5길 19, 1층 105호(양평동2가, 동아프라임밸리) "
391,한양대병원점,"서울 성동구 사근동길 4, 대학약국빌딩 1층  "
392,숙대점,"서울 용산구 청파로47길 67, 1층 "
393,행당무학점,"서울특별시 성동구 행당로 129, 1층(행당동) "
394,공덕오거리점,"서울특별시 마포구 새창로 13, 1층(도화동) "
395,마포트라팰리스점,"서울특별시 마포구 마포대로 53, 1층 120호(도화동, 마포트라팰리스) "
396,아인여성병원점,"인천광역시 미추홀구 경인로 372, 201동 지2층 B2029호(주안동, 포레나 미추홀) "
397,당산중앙점,"서울특별시 영등포구 당산로 175, 상가동 1층 104호(당산동4가. 당산동 삼익플라주아파트) "
398,광주수완점,"광주광역시 광산구 장신로 133(수완동, 삼광빌딩) "
399,오목교역점,"서울 양천구 오목로 345, 슬로우스퀘어 1층 108-1호 "
400,당산삼성타운점,"서울 영등포구 당산로44길 3, 삼성타운 1층 111호 전면부 "
401,송내남부역점,"경기도 부천시 송내대로 29, 105호(송내동) "
402,후암시장점,"서울 용산구 후암로 48, 1층 제6호 "
403,양평동3가점,"서울특별시 영등포구 선유로40길 12, 1층(양평동3가) "
404,마포용강점,"서울 마포구 토정로31길 49, 1층 "
405,장안현대홈타운점,"서울특별시 동대문구 장안벚꽃로 107, 제상가1동 제1층 제102호(장안동, 장안현대홈타운) "
406,소담길점,"서울특별시 마포구 마포대로8길 9, 1층 106호(공덕동, 영명빌딩) "
407,남산트윈시티타워점,"서울특별시 용산구 한강대로 366, 지하1층 108호(동자동, 트윈시티 남산) "
408,인하대점,"인천광역시 남구 인하로77번길 6, 1층(용현동) "
409,송내투나점,"경기도 부천시 부일로221번길 26, 1층 101호(상동, 삼원타운) "
410,부천유베이스타워점,"경기도 부천시 부흥로315번길 62, 113호(중동, 필-그린타워) "
411,공덕효성점,"서울특별시 마포구 마포대로 115-12, 공덕삼성아파트 상가동 1층 103, 104호(공덕동) "
412,춘의테크노파크점,"경기도 부천시 부천로198번길 36, 춘의테크노파크 103동 106 일부호(춘의동) "
413,인하대역점,"인천광역시 미추홀구 독배로317번길 21, 104호(용현동, 골드프라자) "
414,공덕동점,"서울특별시 마포구 마포대로 143, 1층 109호(공덕동, 마포공덕파크팰리스 II) "
415,춘의점,"경기도 부천시 조마루로385번길 131, 1층 1호(춘의동) "
416,목동41타워점,"서울특별시 양천구 목동동로 293, 1층 1-13호(목동, 현대41타워) "
417,당산이레빌딩점,"서울특별시 영등포구 선유동2로 57, 1층(양평동4가, 이레빌딩) "
418,주안역점,"인천광역시 미추홀구 주안로 116, B101호(주안동, 주안리가스퀘어)  "
419,목동점,"서울특별시 양천구 목동서로 221, 1층 110호(목동, 굿모닝탑) "
420,서울역점,"서울특별시 용산구 후암로 101, 1층(동자동) "
421,남산트라팰리스점,"서울특별시 중구 소월로2길 30, 1층 109호(남대문로5가, 남산트라팰리스) "
422,장충동먹자골목점,"서울특별시 중구 장충단로 193-1, 1층(쌍림동) "
423,동국대점,"서울특별시 중구 서애로1길 18-1, 1,2,3층(필동3가) "
424,신중동역점,"경기도 부천시 중동로248번길 124, 상가동 105호(중동, 중앙프라자) "
425,목동중앙점,"서울특별시 양천구 목동서로 133-4, 1층 105호(목동, 스카이포레) "
426,서울역서부점,"서울 용산구 청파로 395, 창성빌딩 1층  "
427,선유도ISBIZ1차점,"서울특별시 영등포구 양평로21길 26, 1층 101호(양평동5가, 선유도역1차아이에스비즈타워) "
428,신당역점,"서울특별시 중구 퇴계로87길 1, 1층(황학동) "
429,면목시장점,"서울특별시 중랑구 면목로33길 38, 1층(면목동) "
430,충무로역점,"서울특별시 중구 퇴계로 192, 1층 103호(필동1가, 거봉빌딩) "
431,선유도점,"서울특별시 영등포구 양평로21길 1, 1층 102호(양평동4가) "
432,회현역점,"서울특별시 중구 퇴계로10길 16-1, 1층(회현동1가) "
433,남산점,서울특별시 중구 소공로 46 B01호(1층) 
434,서울역이프라자점,"서울특별시 중구 세종대로4길 25, B1층 2호(남대문로5가) "
435,퇴계로점,"서울특별시 중구 퇴계로53길 10, 1층 101호(쌍림동) "
436,애오개역점,"서울특별시 마포구 마포대로 225, 270-20 1층(아현동) "
437,세종대로점,"서울특별시 중구 세종대로 23, 1층(남대문로5가, 창화빌딩) "
438,서강대점,"서울 마포구 백범로 35, 서강대학교 동문회관 1층 1호 "
439,선유도코오롱타워점,"서울특별시 영등포구 양평로22길 21, 1층 A107호(양평동5가, 선유도 코오롱디지털타워) "
440,충무로점,서울특별시 중구 수표로 22 아세아빌딩 1층(충무로3가) 
441,상수역점,"서울 마포구 와우산로 39, 1층 "
442,삼풍을지로점,"서울특별시 중구 을지로20길 26, 1층(인현동1가) "
443,북창동점,"서울특별시 중구 남대문로1길 14, 1층(북창동) "
444,황학동점,"서울 중구 마장로9길42, 에이트빌딩 1층 "
445,동대문점,"서울특별시 중구 장충단로13길 43, 1층 24-1호(을지로6가) "
446,광주금남로점,"광주광역시 동구 제봉로 171, 1층 2층(궁동) "
447,동대문맥스타일점,"서울 중구 마장로 3, 맥스타일 1층 253호 254호 "
448,을지트윈타워점,"서울특별시 중구 을지로 170, 2층 203호(을지로4가) "
449,동평화점,"서울특별시 중구 마장로 1길 28-13, 2동 12호(신당동) "
450,퍼시픽타워점,"서울특별시 중구 세종대로9길 41, 1층(서소문동, 올리브타워) "
451,중림한국경제점,"서울특별시 중구 청파로 461, 1층(중림동) "
452,명동점,"서울특별시 중구 명동9길 13, 1층(명동1가) "
453,목동1단지점,"서울특별시 양천구 목동서로 38, 상가비동 1층 101(5)호(목동, 목동신시가지아파트1단지) "
454,소공동점,"서울특별시 중구 남대문로7길 13(소공동, 지상1층) "
455,부천시청점,"경기도 부천시 길주로 205, 103호(중동, 솔라리움A동) "
456,중동현대점,"경기도 부천시 석천로183번길 21, 1층 106호(중동) "
457,홍대정문점,"서울 마포구 와우산로18길 38, 1층 "
458,다산DIMC테라타워점,"경기도 남양주시 다산지금로 202, 1층 알01-0103호(다산동, 현대테라타워 DIMC) "
459,용두동점,"서울특별시 동대문구 고산자로 409-1, 1층 좌측(용두동) "
460,서소문점,"서울특별시 중구 서소문로11길 14, 1층(서소문동) "
461,부평점,"인천광역시 부평구 경원대로1403번길 4, 1층(부평동) "
462,상무버들점,"광주광역시 서구 상무버들로 20, 1층 101호(유촌동) "
463,시청점,"서울특별시 중구 세종대로 91, 1층(태평로2가) "
464,동대문종합시장점,"서울특별시 종로구 종로 258, 1층 2호 내제25호(종로6가, 덕성빌딩) "
465,충정로점,"서울특별시 서대문구 경기대로 26-22, 1층(충정로3가) "
466,합정역해링턴타워점,"서울특별시 마포구 양화로 72, 1층 123호(서교동, 서교동 효성 해링턴 타워) "
467,서대문역점,"서울특별시 서대문구 충정로6길 59, 1층 A-5호(미근동, 서소문아파트) "
468,마포합정점,"서울특별시 마포구 월드컵로1길 14, B120호(합정동, 마포 한강 푸르지오) "
469,덕수궁롯데캐슬점,"서울특별시 중구 서소문로9길 28, 지1층 B101호(순화동, 덕수궁롯데캐슬) "
470,부천도당공단점,"경기도 부천시 평천로832번길 50, 1층(도당동) "
471,종로숭인점,"서울특별시 종로구 난계로29길 28, 1층(숭인동) "
472,홍대본점,서울특별시 마포구 와우산로 149 1층(서교동) 
473,장교빌딩점,"서울특별시 중구 삼일대로 363, 2동 1층 1호(장교동, 장교빌딩) "
474,청량리삼성화재점,"서울특별시 동대문구 고산자로34길 70,1층 105호(용두동, 청량리역 해링턴플레이스) "
475,신촌점,"서울특별시 서대문구 연세로5길 38, 1층(창천동) "
476,이대점,"서울특별시 서대문구 이화여대8길 2, 1동 제1층 101호(대현동, 무궁화상가아파트) "
477,까치산역점,"서울특별시 강서구 강서로16길 5, 1층(화곡동) "
478,메세나폴리스점,"서울특별시 마포구 양화로 45, 몰동 지1층 B181호(서교동, 메세나폴리스) "
479,동대문역점,"서울특별시 종로구 종로39길 10-1, 1층(종로6가, 칠성빌딩) "
480,광주서석점,"광주광역시 동구 제봉로82번길 13, 1층(서석동) "
481,을지로입구점,서울특별시 중구 남대문로10길 15 1층 
482,신설동역점,"서울특별시 동대문구 하정로5길 19, 1층(신설동) "
483,무교점,"서울특별시 중구 남대문로9길 24, 1층 107호(다동, 패스트파이브타워) "
484,부평대로점,"인천광역시 부평구 부평대로 16-1, 1층(부평동) "
485,관철동점,"서울특별시 종로구 삼일대로 383, 1층(관철동) "
486,제기동역점,서울특별시 동대문구 용두동 104-2 훈민타워 Ⅲ 1층 
487,인천도화점,"인천 미추홀구 숙골로87번길 2, 센타프라자 1층 111호 "
488,청계다동점,"서울특별시 중구 다동길 43, 1층 118,119,120호(다동, 한외빌딩) "
489,종로YBM점,"서울 종로구 종로 104, 종로YBM본관 1층 "
490,상동역점	,"경기도 부천시 상동로 90, 147호(상동, 메가플러스빌딩) "
491,종로3가점,"서울특별시 종로구 종로 127, 1,2층 103호(종로3가) "
492,종로5가점,서울특별시 종로구 종로31길 46-1(연지동) 
493,종로창경궁로점,"서울특별시 종로구 창경궁로 113, 1층 (인의동) "
494,서울시립대점,"서울특별시 동대문구 서울시립대로 160, 1층(전농동) "
495,홍대경의선숲길점,"서울특별시 마포구 신촌로4길 22-22, 1층(동교동) "
496,서대문충정빌딩점,"서울 서대문구 통일로 135, 충정빌딩 1층 "
497,정동점,"서울특별시 중구 정동길 6, 1층(정동) "
498,종로르메이에르점,"서울특별시 종로구 종로 19, 1층 121-2호(종로1가, 르메이에르종로타운1) "
499,광화문오피시아점,"서울특별시 종로구 새문안로 92, 지하B201호, 지하B022호(신문로1가, 광화문오피시아빌딩) "
500,망원역점,"서울특별시 마포구 동교로9길 37, 1층(망원동) "
501,광주내방점,"광주광역시 서구 월드컵4강로 210번길 16, 1층(내방동) "
502,경희궁자이점,"서울특별시 종로구 경교장길 35, 상가동 1층 3134호(평동, 경희궁자이 3단지) "
503,익선동점,"서울특별시 종로구 삼일대로30길 28, 1층(익선동) "
504,광화문역점,"서울특별시 종로구 새문안로5길 14, 1층(당주동) "
505,염창역점,"서울특별시 강서구 공항대로 637, 상가동 1층 101호(염창동, 염창현대아이파크아파트) "
506,고대1호점,서울특별시 성북구 인촌로22길 61(안암동5가) 
507,우림시장점,"서울특별시 중랑구 용마산로 498, 1층 101호(망우동) "
508,내수동점,"서울특별시 종로구 새문안로3길 23, 107호(내수동, 경희궁의 아침 4단지) "
509,종로구청북부점,"서울특별시 종로구 종로5길 97, 1층(수송동) "
510,수송동점,"서울특별시 종로구 율곡로4길 6, 1층(수송동) "
511,구리롯데점,"경기 구리시 경춘로 253, 106호 (인창동, 다우스퀘어) "
512,등촌역점,"서울특별시 양천구 목동중앙북로7가길 4, 1층 4호(목동, 정목빌딩2) "
513,구리한양대병원점,"경기도 구리시 동구릉로6번길 13-1, 대원빌딩 1층 101호(교문동) "
514,상봉역베스트원점,"서울특별시 중랑구 망우로 304, 105호(상봉동, 상봉베스트원아파트) "
515,경복궁역점,"서울특별시 종로구 사직로 130, 지하1층 60호, 65호(적선동, 적선현대빌딩) "
516,삼산점,"인천광역시 부평구 충선로203번길 24, 1층 120호, 121호(삼산동, 삼산프라자) "
517,안국역점,서울특별시 종로구 계동길 23(계동) 
518,상봉동점,"서울특별시 중랑구 망우로 346, 상가동 1층 111-1호(상봉동, 한일써너스빌) "
519,고대2호점,"서울특별시 성북구 개운사길 22-6, 1층(안암동5가) "
520,인천연안부두점,"인천광역시 중구 연안부두로 45, 에이동 7호(항동7가) "
521,부천테크노파크점,"경기도 부천시 석천로 345, 부대동 110호(삼정동, 부천테크노파크) "
522,구리역점,"경기도 구리시 건원대로 42, 1층 109호(인창동, 삼원골드프라자) "
523,경희대점,"서울특별시 동대문구 경희대로 22, 1층(회기동) "
524,광주상무중앙점,"광주광역시 서구 상무중앙로 62, 1층(치평동) "
525,인천가좌점,"인천광역시 서구 장고개로337번길 16, 401동 105호(가좌동, 가좌한신 휴아파트 상가) "
526,부천테크노파크쌍용3차점,"경기도 부천시 석천로 397, 203동 2층 213호(삼정동, 부천테크노파크쌍용3차) "
527,외대점,서울특별시 동대문구 휘경로5 1층 
528,성북구청점,"서울 성북구 보문로32길 6, 1층 "
529,신포점,"인천광역시 중구 우현로 35-1, 1층 일부 및 2층(신포동) "
530,마포구청점,"서울특별시 마포구 월드컵로34길 13, 1동 104-2호(성산동, 상암 월드시티) "
531,성신여대점,"서울특별시 성북구 보문로34길 87, 1층(동선동3가) "
532,외대후문점,"서울특별시 동대문구 천장산로7길 16, 1층 전체(이문동) "
533,서울강서경찰서점,"서울 강서구 화곡로 318, 1층 "
534,증미역NH서울타워점,"서울특별시 강서구 양천로 570, 1층 114호(등촌동, NH서울축산농협NH서울타워) "
535,우림블루나인점,"서울특별시 강서구 양천로 583, 1층 112호(염창동, 우림블루나인비즈니스센터) "
536,성대중문점,"서울 종로구 명륜길 40-1, 1층 "
537,인천U1광장점,"인천광역시 부평구 주부토로 236, B동 1층 162호(갈산동, 인천테크노밸리U1 CENTER) "
538,동소문점,"서울시 성북구 아리랑로 15, 1층 "
539,강서IT밸리점,"서울특별시 강서구 화곡로68길 82,1층 111호(등촌동, 강서아이티밸리) "
540,증미한화점,"서울특별시 강서구 양천로 551-24, 102호(가양동, 한화비즈메트로2차) "
541,우장산롯데캐슬점,"서울특별시 강서구 공항대로 382, 제상가동 제1층 제106호(화곡동, 우장산롯데캐슬아파트) "
542,서대문구청점,"서울특별시 서대문구 연희로 239, 1층 일부 "
543,가양스카이밸리점,"서울특별시 강서구 화곡로 416, 1층 138호(등촌동, 가양역 더스카이밸리5차 지식산업센터) "
544,부평우림라이온스점,"인천광역시 부평구 부평대로 283, B동 1층 116호 (청천동, 부평우림라이온스밸리) "
545,명지대점,"서울특별시 서대문구 거북골로 34, MCC동 코이노이아홀 지하2층(남가좌동, 명지대학교) "
546,서운점,"인천광역시 계양구 서운로 45, 1층 일부호(서운동) "
547,상암DMC점,"서울특별시 마포구 성암로13길 37, 1,2,3층(상암동) "
548,에이스타워마곡점,"서울특별시 강서구 공항대로 237, 1층 119호(마곡동, 에이스타워 마곡) "
549,신내데시앙플렉스점,"서울특별시 중라구 신내역로3길 40-36, 지하1층 알비109호(신내동, 신내데시앙플랙스) "
550,마곡그랑트윈타워점,"서울특별시 강서구 마곡중앙4로 18, 1층 105호(마곡동) "
551,마곡호서대점,"서울 강서구 강서로56가길 53, 1층 "
552,마곡보타닉파크타워2차점,"서울특별시 강서구 공항대로 213, 1층 107호(마곡동, 보타닉파크타워2) "
553,전남영광점,전라남도 영광군 영광읍 대하길 111 
554,한강자이타워점,"서울특별시 강서구 양천로 401, A동 1층 116호(가양동, 강서한강자이타워) "
555,상암이안점,"서울특별시 마포구 월드컵북로 361, 2단지 108호 일부(상암동, DMC이안오피스텔) "
556,다산중앙점,"경기도 남양주시 다산중앙로145번길 15, 1층 111호(다산동, 신해센트럴타워 II) "
557,청천점	,"인천광역시 부평구 산청로 102, 102호(청천동) "
558,마곡류마타워점,"서울특별시 강서구 공항대로 164, 1층 119호(마곡동, 류마타워) "
559,상암DDMC점,"서울특별시 마포구 매봉산로 75, 지하1층 푸드코트19호(상암동, 디디엠씨(DDMC)) "
560,다산아이파크점,"경기도 남양주시 다산순환로 325, 1층 101호(다산동, 다산 아이파크 상가) "
561,현대미아점,"서울특별시 성북구 동소문로47길 12, 1층(길음동) "
562,효성동현대4차점,"인천광역시 계양구 새벌로 108, 상가동 103호(효성동, 현대아파트) "
563,양천향교역점,"서울특별시 강서구 강서로 455, 101동 1층 117호(마곡동, 마곡경동미르웰) "
564,상암중앙점,"서울특별시 마포구 월드컵북로 402, 1층 142호(상암동, 케이지아이티센터) "
565,태릉입구역점,"서울특별시 노원구 동일로 986, 101동 103호(공릉동, 노원 프레미어스 엠코) "
566,남양주시청제1청사점,"경기 남양주시 경춘로양골1길 13, 102호 "
567,상암사보이시티점,"서울특별시 마포구 월드컵북로54길 17, 1층 104호(상암동, 사보이시티디엠씨) "
568,상암IT타워점,"서울특별시 마포구 월드컵북로 434, 1층 117호(상암동, 상암 IT Tower) "
569,가양양천초점,"서울특별시 강서구 양천로 49길 39, 1층 1호(가양동) "
570,계양구청점,"인천광역시 계양구 계산새로 71, C동 103호(계산동, 하이베라스빌딩) "
571,마곡두산더랜드타워점,"서울특별시 강서구 마곡서로 152, 에이동 105호(마곡동, 두산더랜드타워) "
572,마곡나루점,"서울특별시 강서구 마곡중앙5로1길 20, 1층 111호(마곡동, 마곡나루역보타닉비즈타워) "
573,갈매점,"경기 구리시 갈매중앙로 80, 갈매동행정복지센터 1층 102호 "
574,광산구청점,"광주광역시 광산구 광산로29번길 18, 1층(송정동) "
575,과기대점,"서울특별시 노원구 공릉로 223, 도곡빌딩 1층(공릉동) "
576,솔샘점,"서울특별시 강북구 솔샘로 213, 1층 일부(미아동) "
577,은평구청점,"서울특별시 은평구 은평로 193-2, 1층(녹번동) "
578,개화산역점,"서울특별시 강서구 양천로 19, 1층 101호(방화동, 라테라스) "
579,불광혁신파크점,"서울특별시 은평구 통일로 699, 1층 1호(녹번동) "
580,청라에이스점,"인천광역시 서구 파랑로 495, 청라에이스하이테크시티 1동 108호(청라동) "
581,불광역점,"서울특별시 은평구 통일로 735-1, 1층(대조동) "
582,삼육대후문점,"경기 남양주시 불암로 41-70, 1층 "
583,영종하늘별빛점,"인천광역시 중구 하늘중앙로 193, 1층 118호(중산동, 조양타워) "
584,별내파라곤스퀘어점,"경기도 남양주시 순화궁로 249, C113호(별내동, 별내역 파라곤스퀘어제판매시설1동) "
585,충무공점,"경상남도 진주시 에나로77번길 10, 103호(충무공동) "
586,청라지웰점,"인천 서구 중봉대로612번길 10, 지웰에스테이트 1층 105호 "
587,화순전남대학병원점,"전라남도 화순군 화순읍 일심동길 3, 1층 "
588,연신내역점,"서울 은평구 통일로80길 1, 1층 "
589,도봉한일병원점,"서울특별시 도봉구 도봉로 109길 58, 1층 일부(쌍문동) "
590,창동점,"서울특별시 도봉구 마들로11가길 6-25, 105호(창동, 창동월가타워) "
591,창동이마트점,"서울특별시 도봉구 노해로65길 4, 1층(창동, 창동 EMART) "
592,노원롯데점,"서울특별시 노원구 노해로 485, 1층 104호(상계동, 금정빌딩) "
593,상계역점,"서울특별시 노원구 한글비석로 384, 1층 125-1호(중계동, 대호프라자) "
594,도봉구청점,"서울특별시 도봉구 마들로 650,111-1호(방학동, 도봉월드상가) "
595,원흥한일윈스타점,"경기도 고양시 덕양구 삼원로 73, 104호(원흥동) "
596,수락산역점,"서울특별시 노원구 동일로 1672, 1층 103호(상계동) "
597,인천검단아라점,"인천광역시 서구 바리미로 17, 1동 102호(원당동) "
598,인천검단신도시점,"인천광역시 서구 이음5로 24, 제1총 제101호(원당동, 쓰리엠타워) "
599,삼송mbn미디어시티점,"경기도 고양시 덕양구 동송로 30, 1층 111호(동산동, 삼송 더샵 미디어시티 근린생활시설) "
600,김포풍무점,"경기 김포시 풍무로 102, 1층 일부 "
601,신원당점,"경기도 고양시 덕양구 고양대로1384번길 20, 109호(성사동, 어울림마을9단지) "
602,일산백석점,"경기도 고양시 일산동구 호수로 358-25, 106호(백석동, 동문타워II) "
603,마두역점,"경기도 고양시 일산동구 중앙로 1189, 103호(장항동, GM 굿모닝 법조타운) "
604,의정부듀클래스점,"경기 의정부시 문화로 6, 한강의정부고산듀클래스 A동 A124호 "
605,일산문화공원점,"경기도 고양시 일산동구 중앙로1275번길 38-10, 1층 116호(장항동, 우림로데오스위트) "
606,국립암센터점,"경기 고양시 일산동구 일산로330번길 6-9, 1층 우측 일부호 "
607,김포금빛초점,"경기 김포시 태장로 825, 자이애비뉴2 1층 110호 "
608,김포이젠메카존점,"경기도 김포시 양촌읍 황금로 117, 다동 1층 119호 "
609,원마운트점,"경기도 고양시 일산서구 한류월드로 300, 1층 1117호(대화동, 고양 원마운트) "
610,킨텍스꿈에그린점,"경기도 고양시 일산서구 킨텍스로 240, 판매시설동 1층 131호(대화동, 킨텍스 꿈에그린) "
611,일산레이킨스몰점,"경기도 고양시 일산서구 호수로 817, 38호(대화동, 레이킨스몰) "
612,나주빛가람점,"전라남도 나주시 상야1길 7, 1층 106호(빛가람동) "
613,어룡역점,"경기도 의정부시 용현로105번길 23-1, 1층 104호(민락동, 대우프라자) "
614,일산주엽점,"경기도 고양시 일산서구 중앙로 1456, 107호(주엽동) "
615,의정부로데오점,"경기도 의정부시 행복로 21, 1층(의정부동) "
616,김포운양점,"경기도 김포시 김포한강1로 227, 광장프라자 1층 116호(운양동) "
617,경기도청북부청사역점,"경기도 의정부시 장곡로 626, B동 1층 109호(신곡동, 금오종합상가) "
618,김포나비초점,"경기도 김포시 김포한강9로 30, 105호(구래동) "
619,김포구래점,"경기 김포시 김포한강9로 95, 1층 111호 "
620,녹양점,"경기도 의정부시 비우로 86, 1층(녹양동) "
621,파주야당동점,"경기도 파주시 송학1길 123, 1층 102호(야당동, 프리덴) "
622,파주운정호수점,"경기도 파주시 가온로 182, 1층 일부(와동동) "
623,파주운정목동점,"경기도 파주시 심학산로 423번길 7-37, 1층 102호(목동동, 애플프라자) "
624,파주운정역점,"경기도 파주시 경의로1240번길 15, 1층 114호(와동동) "
625,경남테크노파크점,"경상남도 창원시 의창구 창원대로 18번길 46, 1층(팔용동, 경남창원과학기술진흥원) "
626,창원유니시티점,"경상남도 창원시 의창구 중동중앙로 83, 1층 108호(중동, D7PARK) "
627,양주옥정점,"경기도 양주시 옥정동로7다길 62, 114호(옥정동, 대길프라자) "
628,포천소흘점,"경기도 포천시 소흘읍 솔모루로 72, A동 1층 101호 "
629,상남점,"경상남도 창원시 성산구 중앙대로 104, 1층 114호(상남동, 마이우스빌딩) "
630,경주동국대병원점,"경상북도 경주시 석현로 21, 1층 102호(석장동) "
631,춘천모다아울렛점,"강원도 춘천시 방송길 77, 1층 1120, 1130호(온의동, 춘천 센트럴타워 푸르지오) "
632,상남한마음점,"경상남도 창원시 성산구 마디미로21번길 17, 104호(상남동) "
633,지행역점,"경기 동두천시 동두천로 129, 내행프라자 1층 111호 "
634,김해장유코아점,"경상남도 김해시 능동로167번길 1, 1층 110호(부곡동, 넥스코아) "
635,김해복음병원점,"경상남도 김해시 활천로 35, 1층(삼정동) "
636,양산물금점,"경상남도 양산시 물금읍 물금로 57, 상가2동 115호(양산 이지더원 5차 아파트) "
637,양산역점,"경상남도 양산시 양산역6길 3, 1층 105호(중부동, 센트럴스위트) "
638,양산북부점,"경남 양산시 중앙우회로 138, 1층 "
639,양산증산점,"경상남도 양산시 물금읍 서들로 148, 104호 "
640,통영죽림점,"경상남도 통영시 광도면 죽림3로 43, 108호(강남빌딩) "
641,울산대학로점,"울산 남구 대학로33번길 16, 1층 "
642,부산강서구청점,"부산 강서구 대저로 265, 1층 "
643,목포하당점,"전라남도 목포시 비파로 96, 1층 113호(상동) "
644,양산덕계점,"경상남도 양산시 덕계로 20, 1층(덕계동) "
645,목포신세계병원점,"전라남도 목포시 백년대로 258, 1층(상동) "
646,목포삼학점,"전라남도 목포시 용당로 69, 1층(산정동) "
647,울산삼산점,"울산시 남구 남중로 122, 1층(삼산동) "
648,부산연산중앙점,"부산 연제구 거제천로154번길 58, 예서두레라움드림아파트 1층 102호 "
649,부산연산점,"부산광역시 연제구 과정로 345, 1층(연산동) "
650,서면일번가점,"부산광역시 부산진구 신천대로62번길 34, 1층 일부(부전동, 동흥빌딩) "
651,부산BIFC점,부산광역시 남구 문현금융로 40 109호 
652,부산범일점,"부산광역시 동구 자성로133번길 31, 105호(범일동, 신일빌딩) "
653,부산초량점,"부산광역시 동구 중앙대로 236번길 3-6, 1층(초량동) "
654,부산중앙마린점,"부산 중구 충장대로9번길 49, 엘빌딩, 1층 101호 "
655,부산중앙역점,"부산광역시 중구 충장대로4번길 6, 1층(중앙동4가) "
656,부산남포점,"부산광역시 중구 구덕로 50, 1층 정면우측(남포동5가) "
657,부산센텀점,"부산광역시 해운대구 센텀중앙로 97, A동 씨-104호 일부(재송동) "
658,부산경성대점,"부산광역시 남구 수영로 295, 1층 102호(대연동) "
659,철원동송점,"강원도 철원군 동송읍 금학로217번길 1, 1층 "
660,해운대NC점,"부산광역시 해운대구 해운대로 813, 1층 138호(좌동, 지팝건축물) "
661,제주인제점,"제주특별자치도 제주시 고마로 133, 1층(일도이동) "
662,제주아라이도점,"제주특별자치도 제주시 승천로 57, 1~2층(아라이동) "
663,서귀포일호광장점,"제주특별자치도 서귀포시 서문로 5-2, 1층(서귀동) "
664,루원시티SK리더스뷰점,"인천광역시 서구 가정로 437, 304동 지2층 B260호(가정동, 루원시티 SK Leaders' VIEW) "
665,광주진월점,"전남 광주시 남구 서문대로 700, 광동빌딩 1층 104호 "
666,광주봉선점,"전남 광주시 남구 봉선2로 81, 가로수빌딩 101호 "
667,사천카이점,"경상남도 사천시 사남면 유처길 281, 상가동 1층 105호(사천흥한에르가아파트) "
668,고양화정점,"경기도 고양시 덕양구 화신로 264,1층 103호(화정동, 브릿지타워) "
669,상도역점,"서울특별시 동작구 양념로 272, 1층(상도1동) "
670,양재점,"서울특별시 서초구 남부순화로347길 13, 1층 102호(서초동, 동흥빌딩) "
671,목2동점,"서울특별시 양천구 목둥중앙북로 73, 1층 103호(목동, 덕수프라자) "
672,수유시장점,"서울특별시 강북구 도봉로67길, 1층 07호(수유동, 수유시장) "
673,중앙대후문점,"서울특별시 동작구 흑서로 25, 지하1층(상도동) "
